Series Name,Series Code,Country Name,Country Code,1990 [YR1990],2000 [YR2000],2011 [YR2011],2012 [YR2012],2013 [YR2013],2014 [YR2014],2015 [YR2015],2016 [YR2016],2017 [YR2017],2018 [YR2018],2019 [YR2019],2020 [YR2020]
GDP per capita growth (annual %),NY.GDP.PCAP.KD.ZG,Afghanistan,AFG,..,..,-2.6810808487635,8.97487956759655,1.97416862890145,-0.665270517697508,-1.62288667166976,-0.541697283221794,0.0642502596261778,-1.19534700138595,1.536912103353,..
GDP per capita growth (annual %),NY.GDP.PCAP.KD.ZG,Albania,ALB,-11.1879052985212,7.63386640301194,2.82155792832297,1.5851564748466,1.18720390657059,1.98542610277399,2.51685298606618,3.48011700478818,3.89771066605221,4.32839557846702,2.6765495559812,..
GDP per capita growth (annual %),NY.GDP.PCAP.KD.ZG,Algeria,DZA,-1.75407287637006,2.39950644017823,0.980204694065236,1.40179670455332,0.761674962215665,1.7104495162547,1.60047829963881,1.10456792075536,-0.750499557879863,-0.811208543893287,-1.13069230350092,..
GDP per capita growth (annual %),NY.GDP.PCAP.KD.ZG,American Samoa,ASM,..,..,0.869269598167648,-4.23437728864654,-2.83679849163519,0.803753378222453,1.36590155070407,-2.64538324917581,-5.64961891041834,2.47043521275813,..,..
GDP per capita growth (annual %),NY.GDP.PCAP.KD.ZG,Andorra,AND,-0.142614681962741,1.91345185341851,0.830101584464657,-3.45268829505082,-1.57374573479805,4.52445555660033,2.997046097693,4.66765457782807,0.731812818700448,1.58216933136615,1.66967982731359,..
GDP per capita growth (annual %),NY.GDP.PCAP.KD.ZG,Angola,AGO,-6.65753217768959,-0.26794453749595,-0.220851379354897,4.70649816152135,1.29204141168448,1.21983473478748,-2.46871908413878,-5.81619070235372,-3.40990864925507,-5.16210163078421,-3.79567393682294,..
GDP per capita growth (annual %),NY.GDP.PCAP.KD.ZG,Antigua and Barbuda,ATG,2.15504100936998,4.32849696685192,-3.3042334985694,2.05110582991783,-1.80323259487324,2.62278049551703,2.71120684663117,4.42525495026875,2.1738184581005,6.4300264671072,3.76204918450082,..
GDP per capita growth (annual %),NY.GDP.PCAP.KD.ZG,Argentina,ARG,-3.87410316538033,-1.87491241541325,4.78868313859435,-2.14528444981812,1.26568517537076,-3.57858050983289,1.62966427946263,-3.11006389821465,1.75764817740523,-3.55009116736244,-3.05585486148175,..
GDP per capita growth (annual %),NY.GDP.PCAP.KD.ZG,Armenia,ARM,..,6.57036387246399,4.72842677419349,6.91414364212253,2.82388903997261,3.07285853012422,2.73612872403588,-0.16150062037417,7.18375792957016,4.95169918007967,7.38336163622995,..
GDP per capita growth (annual %),NY.GDP.PCAP.KD.ZG,Aruba,ABW,2.09291010616282,5.42760758812395,3.06388237087862,-1.86416771739363,3.59319794754416,-0.294411895079691,5.12561592178551,1.5830350977227,1.52178032837043,..,..,..
GDP per capita growth (annual %),NY.GDP.PCAP.KD.ZG,Australia,AUS,2.04945715192424,2.70132876392373,1.04885435076942,2.11968358421093,0.834364138436911,1.0151142229833,0.732407043765832,1.17790700769076,0.591766542797203,1.37996022097906,0.623892342440669,..
GDP per capita growth (annual %),NY.GDP.PCAP.KD.ZG,Austria,AUT,3.55354764697123,3.12743665014771,2.57644831811446,0.222450576943075,-0.562298942527448,-0.122370667337563,-0.111540189504495,0.892469139632297,1.69076313006771,2.0816965919734,1.00120345260058,..
GDP per capita growth (annual %),NY.GDP.PCAP.KD.ZG,Azerbaijan,AZE,..,10.1910296245971,-2.8471829529599,0.85388605157209,4.48320302714393,1.52243157217855,-0.147024803718338,-4.14117490324828,-0.824348483223929,0.624884409708628,1.36668440801164,..
GDP per capita growth (annual %),NY.GDP.PCAP.KD.ZG,"Bahamas, The",BHS,-3.32065650347862,2.75534073688139,-0.683537045018909,1.95058528713726,-3.62894939562676,0.109572727539373,-0.726544207295348,0.444173985097237,2.08111077667432,1.98970145284332,0.219421884388709,..
GDP per capita growth (annual %),NY.GDP.PCAP.KD.ZG,Bahrain,BHR,1.31200257216315,0.852697131889045,-0.991929406389502,1.98922992662069,4.20749884092879,2.7066520460388,-0.187300110340388,-0.359644844056533,-0.475413149347432,-3.10804991646285,-2.6311785567359,..
GDP per capita growth (annual %),NY.GDP.PCAP.KD.ZG,Bangladesh,BGD,3.08698402350078,3.25749967913609,5.25309092668222,5.29826838878313,4.79439698837155,4.85610832377365,5.36877064933054,5.95090343897091,6.14209438214732,6.73705130340723,7.031583836105,..
GDP per capita growth (annual %),NY.GDP.PCAP.KD.ZG,Barbados,BRB,-3.67037140701947,4.0378869704827,-0.973739961736314,-0.705782959552593,-1.61325589146156,-0.310043861155535,2.26953055511285,2.30945227743872,0.321712491817678,-0.721845443364103,-0.229793192309359,..
GDP per capita growth (annual %),NY.GDP.PCAP.KD.ZG,Belarus,BLR,..,6.29963644799005,5.57238583709254,1.78036177565718,0.987444297302417,1.63497132996298,-3.98264886374072,-2.64870983124283,2.56748260752468,3.30979210664741,1.40004793095767,..
GDP per capita growth (annual %),NY.GDP.PCAP.KD.ZG,Belgium,BEL,2.83026797508926,3.46545257130404,0.38003456979618,0.11640257847661,-0.0131483860964465,1.12859572471172,1.45189336758756,0.755268919102846,1.21741698308402,1.34991515111142,1.23881502431848,..
GDP per capita growth (annual %),NY.GDP.PCAP.KD.ZG,Belize,BLZ,9.01727033947068,9.21423521382485,-0.476969670708343,0.0613056576335111,-0.958540330187702,1.39147082072981,0.693388315847557,-1.94351625489463,-0.127525438356784,0.133146835029436,-1.59691599397446,..
GDP per capita growth (annual %),NY.GDP.PCAP.KD.ZG,Benin,BEN,5.50710721399919,2.74558928850432,0.117033147649153,1.91961042433707,4.24137827080384,3.4393995757779,-1.00411206391,0.525081923445825,2.80512383112202,3.818777310836,4.00320685655214,..
GDP per capita growth (annual %),NY.GDP.PCAP.KD.ZG,Bermuda,BMU,-0.798461539604901,8.34832423840379,-2.90785082905049,-5.64726274774529,-0.591137895206543,-3.90360610786885,0.622598426821042,0.39386919987983,4.71610220533942,-0.506012475853751,0.463033342062232,..
GDP per capita growth (annual %),NY.GDP.PCAP.KD.ZG,Bhutan,BTN,9.07481064666094,4.55561268080102,6.76852944787605,3.87705671040119,0.875532933700413,4.47932669899049,5.35000034174587,6.8306110876733,3.40833897351105,1.84944079898257,4.26239959585244,..
GDP per capita growth (annual %),NY.GDP.PCAP.KD.ZG,Bolivia,BOL,2.44505994658084,0.544926184712779,3.51097145123201,3.45369876515103,5.12757302091656,3.84375971189313,3.2827179402601,2.73204125606175,2.69606227417954,2.75215454115727,0.796551360122024,..
GDP per capita growth (annual %),NY.GDP.PCAP.KD.ZG,Bosnia and Herzegovina,BIH,..,5.28001056033492,2.18103260847613,0.724391991535285,4.15170968115682,2.91138307408076,4.67465829628897,4.46250251203746,4.24085059121579,4.60140672282768,3.39137122882423,..
GDP per capita growth (annual %),NY.GDP.PCAP.KD.ZG,Botswana,BWA,3.26516336491491,-0.0646763973303592,4.55940268414021,3.21934704173989,10.1025808210442,2.84887622835024,-3.185967240982,2.40944602605877,0.795451546342434,2.20777715684612,0.750498412768948,..
GDP per capita growth (annual %),NY.GDP.PCAP.KD.ZG,Brazil,BRA,-4.84187100023273,2.91182644263147,3.02640687298958,1.01450977525144,2.10891183467071,-0.352479217688355,-4.35148398862317,-4.0694071643008,0.508336053889508,0.526155826049262,0.379344236418362,..
GDP per capita growth (annual %),NY.GDP.PCAP.KD.ZG,British Virgin Islands,VGB,..,..,..,..,..,..,..,..,..,..,..,..
GDP per capita growth (annual %),NY.GDP.PCAP.KD.ZG,Brunei Darussalam,BRN,-1.74843360603649,0.702384416855992,2.4166421030224,-0.427894473886155,-3.44062744548282,-3.78074098644481,-1.62587446499988,-3.61459125002401,0.213081517950215,-0.99478850862225,2.83278005455874,..
GDP per capita growth (annual %),NY.GDP.PCAP.KD.ZG,Bulgaria,BGR,-7.46320765454847,5.30083838170445,3.01299272748805,0.939559723666306,0.888813874846846,2.46621959194877,4.65550060015489,4.5511721075455,4.2615482305109,3.83955211868788,4.42679344343635,..
GDP per capita growth (annual %),NY.GDP.PCAP.KD.ZG,Burkina Faso,BFA,-3.21121444317937,-0.966322347524624,3.46209643076601,3.30921422081256,2.68482706789037,1.28210166273597,0.910962329544375,2.91355650684648,3.17725765328025,3.71461846870629,2.7354586182035,..
GDP per capita growth (annual %),NY.GDP.PCAP.KD.ZG,Burundi,BDI,0.99007908775603,-2.59368363230537,0.748442778960595,1.19805667252835,1.68746987596798,1.02152974753199,-6.88640571719623,-3.70833606243559,-2.6469412215971,-1.55740735383216,-1.29480274901135,..
GDP per capita growth (annual %),NY.GDP.PCAP.KD.ZG,Cabo Verde,CPV,-1.32524696205816,12.2201034830578,2.67629883828522,-0.194322592704921,-0.480116296055641,-0.654704681340107,-0.239305247553261,3.44355627677196,2.47670836853513,3.32584693684328,4.48259658264438,..
GDP per capita growth (annual %),NY.GDP.PCAP.KD.ZG,Cambodia,KHM,..,8.26389150471097,5.38187244910158,5.57786320621257,5.59997282280331,5.40178261075791,5.33323300295301,5.36873194174099,5.20676239634763,5.87937290487541,5.51682776902354,..
GDP per capita growth (annual %),NY.GDP.PCAP.KD.ZG,Cameroon,CMR,-8.92958356207623,0.874400224367733,1.31442704875386,1.72655349970381,2.57771065589442,3.06183608083622,2.85576646935637,1.90102437354408,0.853486026498842,1.37927140120948,1.07464958521595,..
GDP per capita growth (annual %),NY.GDP.PCAP.KD.ZG,Canada,CAN,-1.3341438726811,3.94521856404198,2.14230900946657,0.663247994866836,1.25361381330025,1.84102612431141,-0.089285801148975,-0.135842621321913,1.94591044369884,0.597463532971702,0.218665438652721,..
GDP per capita growth (annual %),NY.GDP.PCAP.KD.ZG,Cayman Islands,CYM,..,..,-0.938990271502661,-0.624585575000083,-0.366635969242893,1.10917780858794,1.37369310835123,1.84571221149766,1.78006614883151,2.84141405010241,..,..
GDP per capita growth (annual %),NY.GDP.PCAP.KD.ZG,Central African Republic,CAF,-4.27419941685207,-4.69690381776685,3.44314497381156,4.63275672145772,-36.5568195536156,-0.2828524979235,3.66382025941674,3.72266335723018,3.20043121900284,2.22474284797838,1.26014601439419,..
GDP per capita growth (annual %),NY.GDP.PCAP.KD.ZG,Chad,TCD,-7.22078577303513,-4.46360545888291,-3.22747871539843,5.27357399354591,2.21669837698148,3.43301682181132,-0.490774024279588,-9.15696640169109,-5.92877662311096,-0.674995563522543,0.209857602815163,..
GDP per capita growth (annual %),NY.GDP.PCAP.KD.ZG,Channel Islands,CHI,..,5.19357653729118,..,..,..,..,..,..,..,..,..,..
GDP per capita growth (annual %),NY.GDP.PCAP.KD.ZG,Chile,CHL,1.65320889229147,4.09428735354267,5.05778792023305,4.3092175035857,3.03152589042499,0.692556386631964,1.10594434535712,0.372104022166425,-0.24332399603442,2.51338504277558,-0.133968534486016,..
GDP per capita growth (annual %),NY.GDP.PCAP.KD.ZG,China,CHN,2.40655857199583,7.63859767629364,9.02717442496454,7.3394689939057,7.23540946980093,6.88322917884565,6.49879213360525,6.27176269119451,6.35090474338422,6.26420964046642,5.73167279652979,..
GDP per capita growth (annual %),NY.GDP.PCAP.KD.ZG,Colombia,COL,2.24984798060093,1.28736782423051,5.91724426422576,2.98127287338662,4.18482189717086,3.44839523191438,1.75788371739232,0.70068863785022,-0.163409332080448,0.964597424962776,1.86865603969967,..
GDP per capita growth (annual %),NY.GDP.PCAP.KD.ZG,Comoros,COM,2.03700974834095,8.08688541007577,1.6133337948125,0.73357493936517,2.01472471272537,-0.304632304831813,-1.22946294800487,0.961267015898741,1.48145217711017,1.14050990405651,-0.238947820204075,..
GDP per capita growth (annual %),NY.GDP.PCAP.KD.ZG,"Congo, Dem. Rep.",COD,-9.66521875485859,-9.25508466502154,3.36641199280993,3.57179013846074,4.92756252279231,5.89588603436783,3.44260459785792,-0.907723406654114,0.401471108096672,2.46109267100694,1.11015950573636,..
GDP per capita growth (annual %),NY.GDP.PCAP.KD.ZG,"Congo, Rep.",COG,-1.72438665001886,4.515335154504,-0.610668782649455,7.13511608708302,-3.13006024754129,3.40052548868395,-5.60891671593312,-12.4424596933277,-7.05337632778492,-8.59454829968979,-5.98478913945189,..
GDP per capita growth (annual %),NY.GDP.PCAP.KD.ZG,Costa Rica,CRI,0.883431622169269,1.8169169226085,3.05291815906349,3.56935633914281,1.10214730569425,2.36502086820241,2.51140318953809,3.1493243924418,2.7983177205799,1.64419088626954,1.11059764822818,..
GDP per capita growth (annual %),NY.GDP.PCAP.KD.ZG,Cote d'Ivoire,CIV,-4.59949654893489,-4.58054060468885,-6.64111818896636,8.04235248925667,6.22570688702935,6.10311564004746,6.13206803005069,4.49521442205096,4.65887254196005,4.19658336772906,3.55773516239779,..
GDP per capita growth (annual %),NY.GDP.PCAP.KD.ZG,Croatia,HRV,..,3.88143196638563,0.146805606663733,-2.09297250463756,-0.169441845182334,0.0653277176643883,3.27951676193456,4.22347873730916,4.68860423531802,3.73029816624559,3.37335968182803,..
GDP per capita growth (annual %),NY.GDP.PCAP.KD.ZG,Cuba,CUB,-3.80043342742539,5.51723820295197,2.70314589675964,2.82793408625007,2.51429970385982,0.831466816994265,4.27326022419349,0.422178217262115,1.77179380101539,2.2585896849249,..,..
GDP per capita growth (annual %),NY.GDP.PCAP.KD.ZG,Curacao,CUW,..,..,-0.806884969267244,-0.964264113308545,-1.91243196872605,-2.46219547578985,-1.03588398573132,-2.03087910494624,-2.05324118036593,-1.93654596608613,-2.01297464738667,..
GDP per capita growth (annual %),NY.GDP.PCAP.KD.ZG,Cyprus,CYP,5.13996946978786,4.84415627343795,-2.12782353234644,-4.90682472942576,-6.3355975205196,-0.777603675298437,3.96491817230545,6.25809472462248,3.3949920405493,2.79501433288559,1.86023575304719,..
GDP per capita growth (annual %),NY.GDP.PCAP.KD.ZG,Czech Republic,CZE,..,4.29307146515178,1.55018979013502,-0.923734450159557,-0.079052895284633,2.15450047888164,5.18140265379816,2.34055226080498,4.88972204225595,2.83682396198071,1.95376176907109,..
GDP per capita growth (annual %),NY.GDP.PCAP.KD.ZG,Denmark,DNK,1.31052516322782,3.40068454610739,0.920393685285319,-0.149916088315891,0.513424427502201,1.10543346611018,1.62216625804921,2.44336887407066,2.16235511316152,1.67027371371931,2.4090782448896,..
GDP per capita growth (annual %),NY.GDP.PCAP.KD.ZG,Djibouti,DJI,..,..,..,..,..,5.22658575887232,5.89363520564481,4.91714225115479,3.73010919577355,6.73189536153372,6.14988827595155,..
GDP per capita growth (annual %),NY.GDP.PCAP.KD.ZG,Dominica,DMA,5.87374595319052,2.61133524434915,-0.277015422199483,-1.12731714588236,-1.07103732808612,4.34656298881096,-2.82507730573775,2.378153300546,-6.99637283826597,2.0595632401288,3.29283276012443,..
GDP per capita growth (annual %),NY.GDP.PCAP.KD.ZG,Dominican Republic,DOM,-7.25160310713619,3.07987408332822,1.89234869891592,1.49996328098696,3.65078722860288,5.81880990784531,5.71542577206503,5.4686354669428,3.51792400192825,5.83455956557799,3.95857057873576,..
GDP per capita growth (annual %),NY.GDP.PCAP.KD.ZG,Ecuador,ECU,1.25724814827197,-0.813530424638486,6.2210516775317,4.07025297076338,3.38728046840993,2.19894122709292,-1.5075851232001,-2.89802488713732,0.573877116510374,-0.483387784029659,-1.61236867338619,..
GDP per capita growth (annual %),NY.GDP.PCAP.KD.ZG,"Egypt, Arab Rep.",EGY,3.13372619990464,4.33634758828751,-0.363937290737226,-0.0129596367954008,-0.105957426078575,0.616853230317105,2.0937221962983,2.13201200912982,2.02557785770937,3.19443129839827,3.49204260671748,..
GDP per capita growth (annual %),NY.GDP.PCAP.KD.ZG,El Salvador,SLV,3.44953512139028,0.385980765791615,3.36915809266299,2.36352088234169,1.77649003125853,1.24172922195929,1.90943445528153,2.04608956234658,1.73807806030517,1.91053750875901,1.86186467319015,..
GDP per capita growth (annual %),NY.GDP.PCAP.KD.ZG,Equatorial Guinea,GNQ,-4.70401664135457,13.4532932664748,1.8592726274268,3.65575583797506,-8.16073114666059,-3.68850197019202,-12.7105829873211,-12.313974362785,-9.16737037071277,-9.71677536516935,-8.84997542903925,..
GDP per capita growth (annual %),NY.GDP.PCAP.KD.ZG,Eritrea,ERI,..,-5.46628303099227,7.20760526587554,..,..,..,..,..,..,..,..,..
GDP per capita growth (annual %),NY.GDP.PCAP.KD.ZG,Estonia,EST,..,9.57521120544847,7.77061305564921,3.49463742568155,1.7075100783866,3.25776991792985,1.77814665490116,3.15778118523811,5.37150350695912,3.99289820775672,4.6313358051262,..
GDP per capita growth (annual %),NY.GDP.PCAP.KD.ZG,Eswatini,SWZ,17.4992346418024,0.613766992821027,1.56099201990831,4.68276873132865,3.14067096890741,0.159172805985847,1.36804890768624,0.198603874566317,1.04971208586323,1.3410378343645,1.18072097105167,..
GDP per capita growth (annual %),NY.GDP.PCAP.KD.ZG,Ethiopia,ETH,-0.739172813143156,3.05912587133388,8.09484989853611,5.61658278843269,7.49986434435532,7.21318728241347,7.39145149516671,6.50967619654823,6.68450254520796,4.05389404381921,5.60451097117264,..
GDP per capita growth (annual %),NY.GDP.PCAP.KD.ZG,Faroe Islands,FRO,..,..,..,..,..,..,..,..,..,..,..,..
GDP per capita growth (annual %),NY.GDP.PCAP.KD.ZG,Fiji,FJI,5.22219073498999,-2.27003724122942,2.27324447525878,1.22140313851646,4.66900319731192,5.5001527074066,4.24047041607687,2.00181159727416,4.74609343066945,3.10479414055702,-1.16910178015966,..
GDP per capita growth (annual %),NY.GDP.PCAP.KD.ZG,Finland,FIN,0.224909953309819,5.55399785284234,2.07339631453335,-1.86559117436354,-1.35721561109078,-0.776108383146138,0.213029419665261,2.5163798952421,3.02811174524855,1.38302388903411,1.05778961227449,..
GDP per capita growth (annual %),NY.GDP.PCAP.KD.ZG,France,FRA,2.40170420697029,3.21429773451354,1.69963010051958,-0.171212877728749,0.0599057279294186,0.479080617230238,0.754024352327519,0.829056664516742,2.07682248867806,1.63852667485413,1.36634401246955,..
GDP per capita growth (annual %),NY.GDP.PCAP.KD.ZG,French Polynesia,PYF,0.0635162950925832,2.07068163967502,..,..,..,..,..,..,..,..,..,..
GDP per capita growth (annual %),NY.GDP.PCAP.KD.ZG,Gabon,GAB,2.33644520724351,-4.22398533409248,3.24610391795758,1.33821343702425,1.72091797714238,0.619862380246332,0.471570201998503,-0.968799964486564,-2.29849959413875,-1.74807681856322,1.39466775004382,..
GDP per capita growth (annual %),NY.GDP.PCAP.KD.ZG,"Gambia, The",GMB,-0.771422027225384,2.25182137119033,-10.8620039743524,2.10014035501909,-0.202343345823479,-4.34615116032873,0.974136240397243,-1.05824882916572,1.75661613322822,4.12107892452607,3.00277960141759,..
GDP per capita growth (annual %),NY.GDP.PCAP.KD.ZG,Georgia,GEO,-14.7651573231485,3.83810006924914,8.26498872121428,7.15537825393695,3.93364640763909,4.38290147136355,2.86009424289855,2.84490205450567,4.82856985509574,4.91088036824362,5.15637187856255,..
GDP per capita growth (annual %),NY.GDP.PCAP.KD.ZG,Germany,DEU,4.35163905422439,2.77322125091402,5.86963573749217,0.230160992711959,0.163870562978019,1.7843418861469,0.617105353219898,1.40810207548923,2.21924285072537,0.964114715764183,0.280856539279142,..
GDP per capita growth (annual %),NY.GDP.PCAP.KD.ZG,Ghana,GHA,0.392139664963523,1.19073606083808,11.3154463953309,6.7335635915111,4.84749394231598,0.566072146028802,-0.113926824016588,1.14964735247376,5.76855148755249,3.95866714679696,4.20043667238612,..
GDP per capita growth (annual %),NY.GDP.PCAP.KD.ZG,Gibraltar,GIB,..,..,..,..,..,..,..,..,..,..,..,..
GDP per capita growth (annual %),NY.GDP.PCAP.KD.ZG,Greece,GRC,-1.05223289834684,3.49556355073004,-8.99795503448951,-6.79786097187747,-2.53725822606653,1.41305781342123,0.220308559339259,0.225030945221903,1.70605812062041,2.14138527826017,2.02829170259595,..
GDP per capita growth (annual %),NY.GDP.PCAP.KD.ZG,Greenland,GRL,-12.1958664394107,6.91102464537168,-0.470283635075262,1.53697694464275,-0.726861643140481,5.09192733313645,-2.21491888223917,4.54780858066064,0.493586865133651,3.49254826083913,..,..
GDP per capita growth (annual %),NY.GDP.PCAP.KD.ZG,Grenada,GRD,4.65289881788694,4.47893879636443,0.233770768075843,-1.75311068154448,1.66636351608051,6.62254832205859,5.76621354977149,3.11279213146641,3.86529742664183,3.59920846074021,1.41473802694642,..
GDP per capita growth (annual %),NY.GDP.PCAP.KD.ZG,Guam,GUM,..,..,-0.0325642226990794,1.83192885531163,1.56421072008787,1.34852801805248,-0.0548728532360343,-0.386696991114604,-0.561803024355328,-1.16298305304063,..,..
GDP per capita growth (annual %),NY.GDP.PCAP.KD.ZG,Guatemala,GTM,0.321449600846435,1.1175291493854,2.28397072348659,1.15574319652698,1.89136128748669,2.65391215589933,2.34629492013541,0.989366189759266,1.36013850909795,1.57621701157954,2.23709730660069,..
GDP per capita growth (annual %),NY.GDP.PCAP.KD.ZG,Guinea,GIN,1.28894586906605,0.189644550519773,3.29832063667703,3.61444820589143,1.63734918200424,1.30642059478079,1.26217699476395,7.93636674005531,7.29188057585797,3.23321207265626,2.64871421309098,..
GDP per capita growth (annual %),NY.GDP.PCAP.KD.ZG,Guinea-Bissau,GNB,3.76414004766939,3.3058118374565,5.29170553227765,-4.2841088312975,0.544731781281342,-1.67117159925397,3.39929449701764,3.56604944780965,3.27088724175688,1.24347415339238,2.06187324115223,..
GDP per capita growth (annual %),NY.GDP.PCAP.KD.ZG,Guyana,GUY,-2.77067888609869,-0.972939245151849,4.83372012478721,4.80652015711287,3.12291224730731,1.1409236711559,0.155773968415218,3.27806076853517,3.21864630526527,3.93379433082413,4.8465015042739,..
GDP per capita growth (annual %),NY.GDP.PCAP.KD.ZG,Haiti,HTI,-0.97407844658774,-0.855032292712437,4.56723824133429,-0.92419331424594,1.600849043243,1.94779191955958,0.224715164336772,0.367228937479311,0.959897969983103,0.380797970347516,-2.9032134491157,..
GDP per capita growth (annual %),NY.GDP.PCAP.KD.ZG,Honduras,HND,-0.124848218591239,4.39693235429313,1.8374892754464,2.20029190468631,0.947659870598258,1.25059178639317,2.04736639148943,2.1237044529626,3.08365913451702,1.98232777609925,0.982330294647582,..
GDP per capita growth (annual %),NY.GDP.PCAP.KD.ZG,"Hong Kong SAR, China",HKG,3.4974539655704,6.71859037151489,4.11208739367635,0.583728094534578,2.68793612087404,2.0432067443158,1.51996840197191,1.53857913625524,3.01734411600081,2.02893307691932,-1.99135999336863,..
GDP per capita growth (annual %),NY.GDP.PCAP.KD.ZG,Hungary,HUN,..,4.75094427474185,2.22636685588142,-0.869998384555586,2.14163085945056,4.51009990540574,4.06666199490928,2.44186687871183,4.59448754598478,5.53901901816371,4.63829379787104,..
GDP per capita growth (annual %),NY.GDP.PCAP.KD.ZG,Iceland,ISL,0.385665634399317,3.46521233559089,1.57087900652606,0.758869987921628,3.15350750989938,0.953242979706175,3.66322927948444,5.15719139450781,2.12230622868344,1.07102457659505,-0.504942741883411,..
GDP per capita growth (annual %),NY.GDP.PCAP.KD.ZG,India,IND,3.36507304280155,2.02108869495849,3.89393034480594,4.16549983071508,5.13495690740315,6.18673198340535,6.79703941171996,7.08284818741886,5.91239788600544,5.0244733311182,3.1285322635574,..
GDP per capita growth (annual %),NY.GDP.PCAP.KD.ZG,Indonesia,IDN,5.3479451506935,3.48220912509996,4.74822060762054,4.6062842547838,4.15127123410863,3.63914313049396,3.55543956624817,3.759693804854,3.84233415747524,3.98405714717092,3.87516568673441,..
GDP per capita growth (annual %),NY.GDP.PCAP.KD.ZG,"Iran, Islamic Rep.",IRN,10.7151794378833,4.5312395901435,1.44585223845904,-8.55329582619099,-1.42345211102175,3.27496229690991,-2.61109931279073,11.8686901826044,2.3277031589008,-7.31991842608916,-8.03621972155497,..
GDP per capita growth (annual %),NY.GDP.PCAP.KD.ZG,Iraq,IRQ,53.974877929678,-1.59512448116988,4.10458369251923,9.77515805866716,3.48825313470289,-2.97222802043903,-0.864992152213489,11.9447431235235,-4.94092180863477,-2.84249272447309,2.0738987189783,..
GDP per capita growth (annual %),NY.GDP.PCAP.KD.ZG,Ireland,IRL,8.37500750990441,7.99647330867532,-0.0931763028402486,-0.198086914488002,0.819363158500352,7.7660306481506,23.9855100594878,2.51404617980684,6.97433042754039,6.83804759199045,3.96638525133363,..
GDP per capita growth (annual %),NY.GDP.PCAP.KD.ZG,Isle of Man,IMN,2.65895648644357,4.01353374663678,1.96515326437803,7.75184406302971,4.83247468614729,5.76995175458489,-0.0818119700163749,6.88425196347782,2.45516431077233,1.63107962027557,..,..
GDP per capita growth (annual %),NY.GDP.PCAP.KD.ZG,Israel,ISR,4.0450795589839,4.65304355012053,2.86480100013399,0.386733508634009,2.22261742585972,1.78550996461979,0.283374892177179,1.96348551340522,1.54874333479979,1.47961751897985,1.52301505683097,..
GDP per capita growth (annual %),NY.GDP.PCAP.KD.ZG,Italy,ITA,1.90043982743266,3.73994653301939,0.534287439584816,-3.24206011995115,-2.97240379999698,-0.917813879753353,0.875477401786128,1.46569044434084,1.82033385192226,1.13612992123255,0.549676887570484,..
GDP per capita growth (annual %),NY.GDP.PCAP.KD.ZG,Jamaica,JAM,3.49254678856299,0.0417150041122483,1.17350906009017,-1.18023789201604,-0.0812249922738175,0.116180484247337,0.368152510191038,0.844838051176851,0.497977273627015,1.45452492809596,0.241496310220299,..
GDP per capita growth (annual %),NY.GDP.PCAP.KD.ZG,Japan,JPN,4.5352506683018,2.60785131444317,0.0697628078607693,1.6573175926963,2.14753175332183,0.507999337372979,1.33040088108589,0.637897176634382,2.33647954982321,0.526738907751451,0.864738282426501,..
GDP per capita growth (annual %),NY.GDP.PCAP.KD.ZG,Jordan,JOR,-4.93394031368338,2.39928362464845,-2.64683742233443,-2.98578556634594,-2.56302500899297,-1.24765381785701,-1.3363558495772,-1.04800381786673,-0.289962514359914,0.123545168236532,0.485101303729877,..
GDP per capita growth (annual %),NY.GDP.PCAP.KD.ZG,Kazakhstan,KAZ,..,10.130500110119,5.87351405658256,3.33405598314063,4.48511694588669,2.67671489744292,-0.268267117815142,-0.327514633495582,2.69343213409591,2.74027498197631,3.15984198114607,..
GDP per capita growth (annual %),NY.GDP.PCAP.KD.ZG,Kenya,KEN,0.724833716220203,-2.12517316420769,3.28814461707711,1.81574030031956,3.14220543531229,2.69478834898624,3.11662198079974,3.34625215305526,2.36450286803576,3.89485265240693,2.99893048296214,..
GDP per capita growth (annual %),NY.GDP.PCAP.KD.ZG,Kiribati,KIR,-2.9877251981744,4.45726100763069,-0.152553371136122,3.09689279409933,2.74655205323278,-2.06039502642585,8.87368591449706,3.64604944141007,-0.552601960765102,0.821475475201055,0.718080749798673,..
GDP per capita growth (annual %),NY.GDP.PCAP.KD.ZG,"Korea, Dem. People’s Rep.",PRK,..,..,..,..,..,..,..,..,..,..,..,..
GDP per capita growth (annual %),NY.GDP.PCAP.KD.ZG,"Korea, Rep.",KOR,8.80042947047626,8.15268965958531,2.89141199434026,1.86559949596563,2.69615096128955,2.55621950883497,2.26842940068582,2.5391447288435,2.87019696151147,2.41941019228105,1.83715050522754,..
GDP per capita growth (annual %),NY.GDP.PCAP.KD.ZG,Kosovo,XKX,..,..,3.4824708622498,1.89395554472746,2.81309321044851,1.52067976804267,5.5257639698338,4.69383375698975,3.44315298036389,3.46426978817207,4.33637171376043,..
GDP per capita growth (annual %),NY.GDP.PCAP.KD.ZG,Kuwait,KWT,..,-0.0912341292014105,3.53196491648514,0.869458863660782,-3.94270542433163,-3.98007430385999,-3.20060183189341,-0.228960016551312,-7.04312573579627,-0.741130963542489,-1.23818355885089,..
GDP per capita growth (annual %),NY.GDP.PCAP.KD.ZG,Kyrgyz Republic,KGZ,3.68801159279298,4.19482413748655,4.6747156286886,-1.73814259577945,8.73578929926862,1.95799697443482,1.75886440460474,2.23180523780189,2.73409191928799,1.7132090986445,2.3366844744131,..
GDP per capita growth (annual %),NY.GDP.PCAP.KD.ZG,Lao PDR,LAO,3.70708366226143,4.0429084764592,6.36380316742928,6.40076119727419,6.42812696029671,6.01633055533834,5.65639158224027,5.38631616022005,5.24466005201214,4.61588222048861,3.07617991209106,..
GDP per capita growth (annual %),NY.GDP.PCAP.KD.ZG,Latvia,LVA,..,6.69550967873739,8.42515547437242,5.55287161340156,3.41184275477313,2.02998443391196,4.86179623472245,3.31278334176932,4.1698107991776,4.83797004196551,2.8215723090065,..
GDP per capita growth (annual %),NY.GDP.PCAP.KD.ZG,Lebanon,LBN,23.0751529425093,-1.16378806385772,-3.96594624384187,-3.68544420021185,-2.78814768776893,-3.22892966583697,-3.93431287318089,-1.17006348811618,-0.640947405506594,-2.45697312281644,-6.79237848783923,..
GDP per capita growth (annual %),NY.GDP.PCAP.KD.ZG,Lesotho,LSO,3.7310481949671,3.20752125768331,4.9236997126074,6.15015046139433,3.49204854355179,2.13287000670073,1.87322130524254,4.23809476609071,-2.09599936426645,-1.24220197279783,-1.60552238893249,..
GDP per capita growth (annual %),NY.GDP.PCAP.KD.ZG,Liberia,LBR,..,..,4.80489688537516,4.90685980146857,5.82096228952889,-1.86681893490575,-2.5205546226379,-4.05719817175479,-0.0469852696917599,-1.22975996453046,-4.62158849206382,..
GDP per capita growth (annual %),NY.GDP.PCAP.KD.ZG,Libya,LBY,..,2.09312900732644,-62.3780768411361,121.779542551052,-14.0731087961491,-24.4978795656034,-9.66116844062559,-3.90117993138969,24.9760961803226,13.4460700068869,1.03992403176684,..
GDP per capita growth (annual %),NY.GDP.PCAP.KD.ZG,Liechtenstein,LIE,1.04525778046735,1.92931856066289,..,..,..,..,..,..,..,..,..,..
GDP per capita growth (annual %),NY.GDP.PCAP.KD.ZG,Lithuania,LTU,..,4.42747584792048,8.46110906391293,5.24600245889164,4.6033277290029,4.43108765446387,2.98891297061452,3.82984126408542,5.75104655735379,4.93334807196575,4.88918854315614,..
GDP per capita growth (annual %),NY.GDP.PCAP.KD.ZG,Luxembourg,LUX,4.00981184757872,6.7947027083989,0.285278375665371,-2.71708936636533,1.28620775654029,1.86727723965676,1.87366953494737,2.34480795492217,-0.643743573130337,1.14105379601197,0.325616347333238,..
GDP per capita growth (annual %),NY.GDP.PCAP.KD.ZG,"Macao SAR, China",MAC,4.51706127229079,3.4237064673128,18.8866351939828,6.67951728760312,8.6321952086094,-3.34979455933313,-23.1411931925647,-2.4600444960065,8.166864718233,3.93160838930109,-6.0215138189858,..
GDP per capita growth (annual %),NY.GDP.PCAP.KD.ZG,Madagascar,MDG,0.194942021808075,1.24841647133562,-1.18866668308488,0.23300450917894,-0.437923793363979,0.585372348088626,0.390788629979141,1.23485917788348,1.18501476402577,1.8102388993529,2.10256967924882,..
GDP per capita growth (annual %),NY.GDP.PCAP.KD.ZG,Malawi,MWI,1.99564341786377,-1.10652178981513,1.89318713235363,-0.985564538460054,2.2559643361497,2.77826957420204,0.00205502305720984,-0.255885678311458,1.26339856039046,0.480027001947178,1.64956233070851,..
GDP per capita growth (annual %),NY.GDP.PCAP.KD.ZG,Malaysia,MYS,5.98030357369224,6.35750270147248,3.66615627689795,3.9596346560848,3.27011406053852,4.59519357934566,3.68756874884384,3.04108064680887,4.38320929504199,3.3624412141553,2.92779819510062,..
GDP per capita growth (annual %),NY.GDP.PCAP.KD.ZG,Maldives,MDV,..,1.66369472616866,4.35497370805287,-1.8033264698752,2.54266069013551,2.53770861058595,-1.61607792610079,1.73126153066735,2.69897557896948,4.08333467572011,3.91240021146916,..
GDP per capita growth (annual %),NY.GDP.PCAP.KD.ZG,Mali,MLI,-4.26773145119598,-2.83182007597615,0.118068500685098,-3.72179350452325,-0.629941898667781,4.02182600192337,3.0999201553372,2.7492717556681,2.19411355422625,1.64271397537101,1.65889049991847,..
GDP per capita growth (annual %),NY.GDP.PCAP.KD.ZG,Malta,MLT,5.2565977346499,6.08345885824623,0.0422713138824093,3.18566714064015,4.00280476642976,5.50567583401256,7.02341244072613,1.540538206652,5.09703458469941,1.56919487253735,1.1578432690636,..
GDP per capita growth (annual %),NY.GDP.PCAP.KD.ZG,Marshall Islands,MHL,-0.475437097513947,0.695065375493243,-1.04581171880801,-2.69050966600611,3.31505673085584,-1.35748693075956,1.13143129285601,0.78727949875146,3.47773562769626,2.99498220807803,..,..
GDP per capita growth (annual %),NY.GDP.PCAP.KD.ZG,Mauritania,MRT,-4.3037156333845,-6.42522783154365,1.14910335317502,1.42865961175541,1.12409167344549,1.26661000170421,2.37088896776767,-1.59030327218778,0.620329512362659,-0.684871982415757,3.06700486424904,..
GDP per capita growth (annual %),NY.GDP.PCAP.KD.ZG,Mauritius,MUS,6.42594403741184,7.14471598141751,3.91100124820507,3.2094994517465,3.13285197547427,3.55690427086847,3.41602397332952,3.76659645807267,3.72056764808694,3.70309459685545,2.98155626036728,..
GDP per capita growth (annual %),NY.GDP.PCAP.KD.ZG,Mexico,MEX,3.20338784922272,3.44098587862088,2.22716085156813,2.24714512087824,0.0294494166966643,1.54404526389864,2.01902339450821,1.40302896491124,0.93145570428166,1.05030514644675,-1.13936444823929,..
GDP per capita growth (annual %),NY.GDP.PCAP.KD.ZG,"Micronesia, Fed. Sts.",FSM,1.32356213686531,5.20384149249833,2.65093684470735,-2.85842443141495,-4.97099685382753,-3.68782087370337,3.2297437779429,-0.308259797154548,1.53614444655132,-0.83903854211178,..,..
GDP per capita growth (annual %),NY.GDP.PCAP.KD.ZG,Moldova,MDA,..,2.31557864402117,5.8793669177235,-0.57669709243207,9.07308430032427,5.06364826221343,0.45004942257944,5.61462069937306,6.4771604801543,6.19432639929207,5.4673252345609,..
GDP per capita growth (annual %),NY.GDP.PCAP.KD.ZG,Monaco,MCO,2.17971412904379,2.93082836550373,5.77626027093049,-0.207788445927065,8.29018032043382,5.99076219039809,3.79865764357623,2.54302738261876,-4.21020084469824,5.30456590218964,..,..
GDP per capita growth (annual %),NY.GDP.PCAP.KD.ZG,Mongolia,MNG,-5.09644014944722,0.25193833578831,15.1541628086024,10.15919245027,9.43696905004099,5.74536027616629,0.388160070792992,-0.748813700768949,3.39455816245714,5.33766339043996,3.36708979681299,..
GDP per capita growth (annual %),NY.GDP.PCAP.KD.ZG,Montenegro,MNE,..,3.27911928477501,3.12004299076365,-2.80561776125867,3.44796642604304,1.68500743638143,3.33239197073161,2.92549074853321,4.70471190601999,5.10256624785586,4.07799287270574,..
GDP per capita growth (annual %),NY.GDP.PCAP.KD.ZG,Morocco,MAR,1.51496009530373,0.667222054270368,3.8353236533889,1.58051236593685,3.06034375385538,1.22949354840229,3.10311140049744,-0.286735807203925,2.88232634192023,1.68827508535729,1.03639557284593,..
GDP per capita growth (annual %),NY.GDP.PCAP.KD.ZG,Mozambique,MOZ,-0.410304609959994,-1.49168248600965,4.50445422084724,4.34576820064605,4.04237411124211,4.43455939220347,3.74030376578392,0.884673466748737,0.775389933070514,0.473500298131697,-0.647121134831266,..
GDP per capita growth (annual %),NY.GDP.PCAP.KD.ZG,Myanmar,MMR,1.31511182921884,12.4345718189169,4.78428985744341,6.44943057184375,7.50854712806957,7.10610606017528,6.18061781450119,5.02340347126378,5.73254353770002,6.10287433729985,2.24635567265847,..
GDP per capita growth (annual %),NY.GDP.PCAP.KD.ZG,Namibia,NAM,-1.29226993362721,1.72103461065653,3.24811086997899,3.23869450404646,3.78350527047463,3.9007471072033,2.65405743108207,-2.10493223623219,-2.10625637061138,-1.17932790999555,-2.9681168453756,..
GDP per capita growth (annual %),NY.GDP.PCAP.KD.ZG,Nauru,NRU,..,..,9.43124192105003,8.95846783822267,24.0701659094467,15.5431378132119,-1.46693386773546,-0.984476095595724,-4.48075899918943,7.53402039687903,0.977664732533185,..
GDP per capita growth (annual %),NY.GDP.PCAP.KD.ZG,Nepal,NPL,2.08661083324824,4.28748610688569,3.31387979486209,4.98141892008843,4.40723133138634,6.03223594315516,2.90944218284541,-0.319386312522269,6.78979819574086,4.95069677945885,5.04337221556443,..
GDP per capita growth (annual %),NY.GDP.PCAP.KD.ZG,Netherlands,NLD,3.46827772475396,3.45353825605781,1.07862827391094,-1.39591933577908,-0.42417869353261,1.05910125427069,1.50826618391271,1.64931554652068,2.30428473259315,1.76493726416223,1.08360959707284,..
GDP per capita growth (annual %),NY.GDP.PCAP.KD.ZG,New Caledonia,NCL,1.1745710195533,0.177142856723876,..,..,..,..,..,..,..,..,..,..
GDP per capita growth (annual %),NY.GDP.PCAP.KD.ZG,New Zealand,NZL,-0.767266590588605,2.30220796689515,1.58128775839712,1.68059846753737,1.84327585453377,2.072257177686,1.67993114276253,1.52372018978217,0.996067791188949,2.11298398551294,1.22196265261698,..
GDP per capita growth (annual %),NY.GDP.PCAP.KD.ZG,Nicaragua,NIC,-2.21926455654847,2.49442635790449,4.89434803539939,5.08177527006674,3.54275864935684,3.41704425784421,3.43641338460279,3.22380669945181,3.30539670246142,-5.14810003132672,-5.05368913810146,..
GDP per capita growth (annual %),NY.GDP.PCAP.KD.ZG,Niger,NER,-4.33744308460237,-4.71007317307524,-1.53408106966829,6.32191389339928,1.27956326008491,2.56326340743267,0.418197885541488,1.70656379461731,1.04441848617651,3.20387390394228,1.96044390715198,..
GDP per capita growth (annual %),NY.GDP.PCAP.KD.ZG,Nigeria,NGA,8.93067776185528,2.41914198112183,2.52532401595037,1.47286746392983,3.85373055323623,3.51396344458755,-0.0292954286607028,-4.16841477020191,-1.78882678536763,-0.679719293893626,-0.37972244679122,..
GDP per capita growth (annual %),NY.GDP.PCAP.KD.ZG,North Macedonia,MKD,..,4.01349858835862,2.253668162517,-0.542132636293459,2.83656433911514,3.54393693435182,3.77829769624162,2.77816494037792,1.02103616721902,2.85247633413637,3.17518396090348,..
GDP per capita growth (annual %),NY.GDP.PCAP.KD.ZG,Northern Mariana Islands,MNP,..,..,-7.7623775913045,-0.0158584876467103,1.5222495580114,2.80818711710967,2.64046084009281,27.3793472893163,24.7378982355645,-20.0601037855457,..,..
GDP per capita growth (annual %),NY.GDP.PCAP.KD.ZG,Norway,NOR,1.58222091643037,2.53730175628031,-0.319991951968163,1.36294972167086,-0.180216050698121,0.826056236088164,0.95750076290291,0.185059679800673,1.50014937986147,0.623147013717045,0.474165156577328,..
GDP per capita growth (annual %),NY.GDP.PCAP.KD.ZG,Oman,OMN,-4.04356542265317,5.93707500671657,-3.96191895718674,1.3477050772114,-2.3429801978623,-5.1534596473965,-1.25630202286477,0.125883831490768,-3.66922122489844,-1.68261063382033,-4.52442110032591,..
GDP per capita growth (annual %),NY.GDP.PCAP.KD.ZG,Pakistan,PAK,1.41643007889132,1.53612399720642,0.553814318718153,1.32897972639499,2.22327717948816,2.50737624761595,2.56741356205612,3.34998403429752,3.3865966922564,3.68276203552507,-1.03979867523373,..
GDP per capita growth (annual %),NY.GDP.PCAP.KD.ZG,Palau,PLW,..,..,7.94621165278322,2.27779665800527,-3.20074186167771,6.1732370885582,7.30164982709309,-0.421586476262831,-2.37351128890818,3.48358889160916,-4.78433485492398,..
GDP per capita growth (annual %),NY.GDP.PCAP.KD.ZG,Panama,PAN,5.84505222153535,0.711048053982609,9.3977993587452,7.91148659559646,5.09677129756298,3.29257555668359,3.94309386663126,3.17031281804674,3.80696343303453,1.95179809298513,1.31891833917265,..
GDP per capita growth (annual %),NY.GDP.PCAP.KD.ZG,Papua New Guinea,PNG,-5.29927919219737,-4.68627883356717,-1.0803504701489,2.47919334025795,1.7269925625222,11.2812197492375,4.4614001721818,3.39827597691034,1.49449035106284,-2.22918137285512,3.85113316163242,..
GDP per capita growth (annual %),NY.GDP.PCAP.KD.ZG,Paraguay,PRY,1.38599469576891,-4.27497756307525,2.83438566692755,-1.89434015750554,6.93928290915227,3.4427833026256,1.70540312863791,2.94123669886741,3.59062323755037,2.03363971689718,-1.28673598517733,..
GDP per capita growth (annual %),NY.GDP.PCAP.KD.ZG,Peru,PER,-6.95098002526341,1.21313585431875,5.4673844908754,5.26752882141093,4.90257197041394,1.30570468169185,1.96331708815759,2.42290129520384,0.829119680820753,2.20561703131051,0.512493735175653,..
GDP per capita growth (annual %),NY.GDP.PCAP.KD.ZG,Philippines,PHL,0.44936592024365,2.1811000465717,2.11592461949274,5.09072595201208,4.95942003330605,4.61110640563318,4.68187339581665,5.54660149811174,5.39642629944194,4.86713156624796,4.60400708158974,..
GDP per capita growth (annual %),NY.GDP.PCAP.KD.ZG,Poland,POL,..,5.6587150743327,4.70132526779234,1.32513307163933,1.18682579267573,3.4559820035728,4.3058136925455,3.1860763674501,4.8175724176744,5.35391559355611,4.55159086742943,..
GDP per capita growth (annual %),NY.GDP.PCAP.KD.ZG,Portugal,PRT,4.17732841718288,3.08905404795144,-1.55146831672478,-3.66753141566937,-0.377398248791067,1.33711996744654,2.2144828853083,2.34182321593775,3.75909384211836,3.01412374468957,2.379383843146,..
GDP per capita growth (annual %),NY.GDP.PCAP.KD.ZG,Puerto Rico,PRI,-3.70170811331964,2.98675151003449,0.800573059973473,1.24696939039634,0.842159017658133,0.436573539062252,0.706704568897791,0.666133347916414,-0.509099448693803,-0.7206495772473,1.17689113771422,..
GDP per capita growth (annual %),NY.GDP.PCAP.KD.ZG,Qatar,QAT,..,..,3.37658972134103,-2.91001399874641,-0.791125641920999,0.0819946701095375,0.404651457411532,-0.378459193721739,-4.04085072479397,-0.837844977287673,-1.01824332485407,..
GDP per capita growth (annual %),NY.GDP.PCAP.KD.ZG,Romania,ROU,..,2.59397523199067,2.40854396582971,2.49594029830753,4.15700410753874,3.99754430437416,3.43874923608918,5.30536396716246,7.9494115426958,5.09015615536126,4.77679921355039,..
GDP per capita growth (annual %),NY.GDP.PCAP.KD.ZG,Russian Federation,RUS,-3.16283660085705,10.4637179956739,4.21872587416931,3.84915563200978,1.53896381735012,-1.04525746318387,-2.18388838742872,0.0102484619643093,1.7093892235272,2.5445897629142,1.41073128207101,..
GDP per capita growth (annual %),NY.GDP.PCAP.KD.ZG,Rwanda,RWA,-2.55859613625911,2.46386469481119,5.29447933219129,6.00161650176048,2.18344800285122,3.56087041590966,6.12384513086894,3.24858231980107,1.26757204050212,5.74619536936926,6.61203912702481,..
GDP per capita growth (annual %),NY.GDP.PCAP.KD.ZG,Samoa,WSM,-4.92810185703389,6.40091363024065,3.32875483474497,-4.90993059534081,-1.26941200714884,-0.7047996028206,3.57600962795463,7.48649214207641,0.622290380331407,-2.4517642383515,3.072436874875,..
GDP per capita growth (annual %),NY.GDP.PCAP.KD.ZG,San Marino,SMR,..,0.999900311841429,-9.56577694468218,-8.33007332342572,-2.149400211566,-1.89280887764933,1.45960696314393,1.74989118901708,0.103417784013587,0.970913896330487,..,..
GDP per capita growth (annual %),NY.GDP.PCAP.KD.ZG,Sao Tome and Principe,STP,..,..,2.04855756503326,1.01786560806943,2.80511706444513,4.56838861970921,1.98089972921849,2.21962532804166,1.91230409861053,1.0237152688851,-0.595756488525339,..
GDP per capita growth (annual %),NY.GDP.PCAP.KD.ZG,Saudi Arabia,SAU,11.1665839138527,3.22645783967769,6.70397090702919,2.20265505033075,-0.367217943283777,0.75423477686536,1.47837223848761,-0.601129290371532,-2.71045514136294,0.607923521071356,-1.33325637759941,..
GDP per capita growth (annual %),NY.GDP.PCAP.KD.ZG,Senegal,SEN,-3.61578855602779,0.78681735937846,-1.31016440263929,2.22958954825982,-0.0160396709253803,3.66278104993623,3.42137197172232,3.4117910791542,4.44110250235867,3.46093526161526,2.4159365405914,..
GDP per capita growth (annual %),NY.GDP.PCAP.KD.ZG,Serbia,SRB,..,6.47147291411601,2.84500960707238,-0.198378899470342,3.39452352049253,-1.12639732710853,2.31101588882194,3.88118476026682,2.64598586238259,5.0675948814029,4.81334877949715,..
GDP per capita growth (annual %),NY.GDP.PCAP.KD.ZG,Seychelles,SYC,6.47216596278875,0.612194895809722,10.7608683503237,0.272336546679327,4.07802463446419,2.89189820261761,2.6233915237341,3.17327021348123,3.10618583815312,2.76813882072872,4.3815569297975,..
GDP per capita growth (annual %),NY.GDP.PCAP.KD.ZG,Sierra Leone,SLE,1.78726948904098,3.81010274520631,3.92404020680459,12.6192136998357,18.0531371880676,2.27459980667726,-22.3122503048652,3.78462983676143,1.99024006788851,1.25932772139537,3.30575180463244,..
GDP per capita growth (annual %),NY.GDP.PCAP.KD.ZG,Singapore,SGP,5.63199189257384,7.16680436787414,4.14378171921068,1.92994077483843,3.15333088834721,2.59715383966,1.77390780774796,1.91260830023852,4.24420834931072,2.95339703994944,-0.412794667941512,..
GDP per capita growth (annual %),NY.GDP.PCAP.KD.ZG,Sint Maarten (Dutch part),SXM,..,..,6.54277559581442,-2.13646282025343,-4.13677564787119,-1.32537772499819,-2.54799742433998,-2.37652931021542,-7.20461872134864,-6.78379495252609,..,..
GDP per capita growth (annual %),NY.GDP.PCAP.KD.ZG,Slovak Republic,SVK,..,1.30357668451187,2.71469606587156,1.72347794273338,0.558418887120112,2.54202909994943,4.71533732219018,2.00114073240447,2.88350203210929,3.62500297877126,2.18003979032937,..
GDP per capita growth (annual %),NY.GDP.PCAP.KD.ZG,Slovenia,SVN,..,3.36587756689673,0.652023243217954,-2.84370502025251,-1.16352087549969,2.66713405933845,2.13325802761534,3.11634660116351,4.72528853212692,4.00670513635151,2.48990490572571,..
GDP per capita growth (annual %),NY.GDP.PCAP.KD.ZG,Solomon Islands,SLB,-0.613335946233434,-16.5756195359562,4.5660832153484,-0.803538926755635,2.51569589497448,-1.6586811707804,-1.28129392352977,3.09047118538544,2.59405244794013,1.2662670826592,-1.36809491098798,..
GDP per capita growth (annual %),NY.GDP.PCAP.KD.ZG,Somalia,SOM,-2.73625508813264,..,..,..,..,..,..,..,..,..,..,..
GDP per capita growth (annual %),NY.GDP.PCAP.KD.ZG,South Africa,ZAF,-2.67561394923804,2.74209071761895,1.72071428259079,0.607949069116557,0.852684803699091,0.247278816490251,-0.341677246440881,-1.06086820384171,-0.00313895407710163,-0.572080196712221,-1.17914333260929,..
GDP per capita growth (annual %),NY.GDP.PCAP.KD.ZG,South Sudan,SSD,..,..,-7.76701924942273,-47.5905801597379,10.4925338706586,1.41636353830825,-12.1317982353982,..,..,..,..,..
GDP per capita growth (annual %),NY.GDP.PCAP.KD.ZG,Spain,ESP,3.67576777434031,4.7764514150568,-1.16619262555828,-3.02242536982695,-1.11189885449343,1.68744970379751,3.91576845137082,2.94434855983185,2.73236058269681,1.98240197894862,1.34586217089219,..
GDP per capita growth (annual %),NY.GDP.PCAP.KD.ZG,Sri Lanka,LKA,5.05496285314193,5.35471080023402,7.67702943510243,9.00387327030579,2.59207380970925,3.98575520647265,4.04623956631545,3.33842975590277,2.41409866202615,2.22901776692039,1.65952818770873,..
GDP per capita growth (annual %),NY.GDP.PCAP.KD.ZG,St. Kitts and Nevis,KNA,5.12212140283808,8.83388848707102,0.940767820559103,-3.08849831565503,4.44770063393607,5.34704639121595,0.18919158121939,1.97993189020519,-2.74402696424988,2.13490370116244,2.07198065070277,..
GDP per capita growth (annual %),NY.GDP.PCAP.KD.ZG,St. Lucia,LCA,8.11359642992831,-1.05815910231772,4.60670636413023,-0.822451535405165,-3.6472884031943,1.31178523419815,-1.8175416929666,3.46815917467626,2.95640623959719,2.11240872344067,1.22740135414693,..
GDP per capita growth (annual %),NY.GDP.PCAP.KD.ZG,St. Martin (French part),MAF,..,..,..,..,..,..,..,..,..,..,..,..
GDP per capita growth (annual %),NY.GDP.PCAP.KD.ZG,St. Vincent and the Grenadines,VCT,3.74972362923778,1.61466115457213,-0.475376737555649,1.2708275011021,1.6576644079104,0.991827519689423,1.06383187078811,1.60792519690112,0.661933523735826,1.80809329953506,0.150517584700367,..
GDP per capita growth (annual %),NY.GDP.PCAP.KD.ZG,Sudan,SDN,-7.87378950364833,3.44213113927457,13.5635986213983,9.64667527553893,1.92012600485822,0.23231139610364,2.41088313109255,2.21830895129082,1.81495409393624,-4.62984322829847,-4.85818348706569,..
GDP per capita growth (annual %),NY.GDP.PCAP.KD.ZG,Suriname,SUR,-6.40613916661923,0.89373126384551,4.65257770483363,1.53869392814224,1.79595330749569,-0.828632995431832,-4.42304608752902,-6.52199383999202,0.760201135973887,1.59956502303508,-0.659543588502061,..
GDP per capita growth (annual %),NY.GDP.PCAP.KD.ZG,Sweden,SWE,-0.0207591755191316,4.59825479417304,2.41898851140094,-1.32100232444557,0.333984863287881,1.64424400595537,3.39017629600058,0.79614630049835,1.19514757132167,0.772577449000039,0.175669648263082,..
GDP per capita growth (annual %),NY.GDP.PCAP.KD.ZG,Switzerland,CHE,2.61546627742388,3.35438381391779,0.568370368763027,-0.0608035270827259,0.687571649973862,1.20682572703892,0.186394391669452,0.61793999425808,0.853880160722014,1.996439228025,0.21669051227579,..
GDP per capita growth (annual %),NY.GDP.PCAP.KD.ZG,Syrian Arab Republic,SYR,4.47778052948631,0.25823023992757,..,..,..,..,..,..,..,..,..,..
GDP per capita growth (annual %),NY.GDP.PCAP.KD.ZG,Tajikistan,TJK,-3.11970150755309,6.63960422405987,5.02707203010443,5.06580882599098,4.93575174194198,4.20972463068894,3.48542687848659,4.28796556041225,4.99149909774094,4.69946434079498,4.48344979009603,..
GDP per capita growth (annual %),NY.GDP.PCAP.KD.ZG,Tanzania,TZA,3.68765095158197,1.97869180172768,4.54980649989309,1.44255539068374,3.63800838842414,3.58137275797725,3.02598361300326,3.71371379774754,3.64001088107275,2.35283922112663,2.71989960453267,..
GDP per capita growth (annual %),NY.GDP.PCAP.KD.ZG,Thailand,THA,9.62221855708887,3.36996855910654,0.35719604247133,6.74073752284944,2.22254813287581,0.550276983344261,2.71997610557426,3.04409314102647,3.70759319747143,3.82273796707413,2.06500424921509,..
GDP per capita growth (annual %),NY.GDP.PCAP.KD.ZG,Timor-Leste,TLS,..,..,3.93946214874346,4.16473325164513,0.321659626007047,2.57854512544054,1.02001361653821,1.41626438605138,-5.95271798782487,-2.98222324080164,16.4147346009712,..
GDP per capita growth (annual %),NY.GDP.PCAP.KD.ZG,Togo,TGO,-2.77422889787957,-3.6838551228448,3.58717176490761,3.7459288985215,3.35202984077185,3.20095983066166,3.06923294448876,2.9335228900523,1.80187236401221,2.39577259448134,2.81972729075454,..
GDP per capita growth (annual %),NY.GDP.PCAP.KD.ZG,Tonga,TON,-2.26871132182448,0.370441482063313,7.25560787894368,1.63273371499922,1.2674473083603,2.76595704609788,1.41984626781499,6.20007318579283,2.44620061679272,-0.865331752143234,-0.516300498729535,..
GDP per capita growth (annual %),NY.GDP.PCAP.KD.ZG,Trinidad and Tobago,TTO,0.82261208712535,6.62970938125677,-0.89362788888026,0.619413976449906,1.55824606022065,-1.54110504137412,1.22977935680311,-6.78864834181647,-2.77145064925324,-0.660494390281372,-0.369473460045469,..
GDP per capita growth (annual %),NY.GDP.PCAP.KD.ZG,Tunisia,TUN,5.5624672569661,3.6877999920446,-2.89085824959692,2.98979703441806,1.88039852169113,1.94523994235124,0.137805236787884,0.0499453693355321,0.762600932239494,1.49480936027844,-0.0759717170890895,..
GDP per capita growth (annual %),NY.GDP.PCAP.KD.ZG,Turkey,TUR,7.38308350894327,5.32214929984363,9.50906903843457,3.09123616015121,6.66332939470212,3.1687833201333,4.33170618178747,1.65028180731987,5.80511208519869,1.43579927072199,-0.425990320793701,..
GDP per capita growth (annual %),NY.GDP.PCAP.KD.ZG,Turkmenistan,TKM,31.7794525888039,4.30141865607818,12.7742065955761,9.12144180813601,8.17778864394676,8.28314040832132,4.60627304672488,4.37913284630078,4.73728487434192,4.50761616187347,..,..
GDP per capita growth (annual %),NY.GDP.PCAP.KD.ZG,Turks and Caicos Islands,TCA,..,..,..,-2.97517864095933,-0.864339784023571,6.75031849122276,9.42147802453424,5.55553853732471,-3.95096452068023,4.06877951975501,3.87393497367768,..
GDP per capita growth (annual %),NY.GDP.PCAP.KD.ZG,Tuvalu,TUV,..,-1.47660483939688,6.47446607610796,-4.78494433509991,3.44022379657399,0.285761364533045,7.89402939283067,1.87816412274256,2.76652144864558,1.27085505735143,8.45553586911447,..
GDP per capita growth (annual %),NY.GDP.PCAP.KD.ZG,Uganda,UGA,2.84603939237601,0.0988637803279317,5.96467592285337,0.585699588765664,0.29002968780236,1.64121297117828,1.57393951746934,1.02277812717082,-0.0115015938692267,2.28450429678308,3.07240172806394,..
GDP per capita growth (annual %),NY.GDP.PCAP.KD.ZG,Ukraine,UKR,-6.55892610928552,6.97135013634551,5.84543860539151,0.486553656366212,0.201192015538936,-1.14492108866688,-9.44380459289219,2.64805173082637,2.91717540040885,3.93289796855672,3.82790195664884,..
GDP per capita growth (annual %),NY.GDP.PCAP.KD.ZG,United Arab Emirates,ARE,11.6783978861004,4.90950392382491,2.18792077509458,2.25792624286404,4.41015904513891,4.10021946778836,4.55305540479327,1.98113939908654,1.01150251085575,-0.320549385279065,0.225275018852898,..
GDP per capita growth (annual %),NY.GDP.PCAP.KD.ZG,United Kingdom,GBR,0.433081156360984,3.06854810068762,0.749697220996026,0.775734705606013,1.45770181949378,1.85458459078794,1.54769709770373,1.14866300616012,1.20219434185154,0.728524264563106,0.894788653437061,..
GDP per capita growth (annual %),NY.GDP.PCAP.KD.ZG,United States,USA,0.74148151927406,2.97520862389631,0.822277546232115,1.50861415327468,1.14505323593497,1.7827855404891,2.15887360343116,0.912035068317223,1.72587301530456,2.39109953260726,1.67812540004495,..
GDP per capita growth (annual %),NY.GDP.PCAP.KD.ZG,Uruguay,URY,-0.380181021774234,-2.27627548949899,4.8606248762658,3.23053406033014,4.31446692335318,2.90497780659831,0.0302405923519729,1.32976956950385,2.21776864360893,1.24731254757151,-0.137889204124377,..
GDP per capita growth (annual %),NY.GDP.PCAP.KD.ZG,Uzbekistan,UZB,-1.33198973619054,2.40808172412024,4.93042104667998,5.80658819141146,5.9172251010045,5.38655414667566,5.58979000446318,4.26533858863726,2.71763017752662,3.63067001449706,3.60039615002405,..
GDP per capita growth (annual %),NY.GDP.PCAP.KD.ZG,Vanuatu,VUT,8.81591941926814,3.80198361715156,-1.46406874440679,-1.03729740832175,-0.866210852327455,-0.507502734367947,-2.51252719496676,0.790131618342741,1.79169711982739,0.379406673226313,0.784575675968895,..
GDP per capita growth (annual %),NY.GDP.PCAP.KD.ZG,"Venezuela, RB",VEN,3.9397708252982,1.7471142974767,2.55931328733871,3.92054222297398,-0.0898371072948549,-4.73105016156384,..,..,..,..,..,..
GDP per capita growth (annual %),NY.GDP.PCAP.KD.ZG,Vietnam,VNM,2.87700794076875,5.61863407832779,5.15973579385422,4.15633378057983,4.31719104743868,4.87299904180681,5.57139034213073,5.12005124042108,5.73062827265277,6.01808839754494,5.99486601019265,..
GDP per capita growth (annual %),NY.GDP.PCAP.KD.ZG,Virgin Islands (U.S.),VIR,..,..,-8.10247914253996,-14.9399230232644,-5.70269318497409,-0.719194740552936,0.356033325731886,1.0921044061283,-1.47476718596891,..,..,..
GDP per capita growth (annual %),NY.GDP.PCAP.KD.ZG,West Bank and Gaza,PSE,..,-10.8631883796503,6.86783487502541,3.51036746369036,2.21485047926886,-2.47102630481804,1.37258508832343,6.44666146094556,-0.577622802403482,-1.30481419195327,-1.5550254890432,..
GDP per capita growth (annual %),NY.GDP.PCAP.KD.ZG,"Yemen, Rep.",YEM,..,3.20596151550967,-15.1079220339687,-0.39186425034697,2.01419548481665,-2.80288000345456,-29.8270689846677,-11.6110478465756,-7.34542296185273,-1.59439452372281,-0.224606067057891,..
GDP per capita growth (annual %),NY.GDP.PCAP.KD.ZG,Zambia,ZMB,-3.16368946732433,1.15042295200891,2.42391232578809,4.31034872966347,1.80987919483417,1.48052386238086,-0.188152697396731,0.706245399885901,0.493964776759114,1.04777193125449,-1.45026413109588,..
GDP per capita growth (annual %),NY.GDP.PCAP.KD.ZG,Zimbabwe,ZWE,4.13171901112219,-3.53859548955766,12.4528571361864,14.701172623904,0.192501098706813,0.596198048811488,0.100456019611102,-0.793566445828347,3.18639907529273,3.36113794924368,-9.39546955217521,..
GDP per capita growth (annual %),NY.GDP.PCAP.KD.ZG,Arab World,ARB,9.11326025164566,3.27292731322784,1.38667024791252,4.28318025164765,1.03980173383349,0.33768044286353,1.12631551388198,1.45859007518463,-1.1066091114841,0.16048176642407,-0.428806508392782,..
GDP per capita growth (annual %),NY.GDP.PCAP.KD.ZG,Caribbean small states,CSS,0.205282172664596,2.98216018865713,0.423363823600425,0.586492144546298,0.0831651392327188,-0.212138281566283,0.299466509698547,-1.97029211003218,-0.109484206824206,1.02996460843481,0.37838733380606,..
GDP per capita growth (annual %),NY.GDP.PCAP.KD.ZG,Central Europe and the Baltics,CEB,..,4.54459088813095,3.40016749630701,0.899819994477966,1.46229886500431,3.20763632472647,4.22042635139428,3.35419013983757,5.1540862907361,4.70789817721533,3.9848010420455,..
GDP per capita growth (annual %),NY.GDP.PCAP.KD.ZG,Early-demographic dividend,EAR,3.41592399492544,2.62331947048126,3.4327548711079,2.7443510702188,2.83017498847937,2.55947082463186,3.19405597262642,3.41041757069284,3.33148322983865,2.17322595751925,0.875628311986574,..
GDP per capita growth (annual %),NY.GDP.PCAP.KD.ZG,East Asia & Pacific,EAS,3.53982994807835,3.92555398062875,3.91400624839382,3.98662137425849,4.0606292638268,3.48106897693752,3.4951408245358,3.38500146805394,4.05051898700195,3.55214834332705,3.23000973414061,..
GDP per capita growth (annual %),NY.GDP.PCAP.KD.ZG,East Asia & Pacific (excluding high income),EAP,3.73236267923195,6.44345725660362,7.69462535604073,6.74326067933835,6.42461871360808,6.10136062999516,5.85172734753026,5.70495700173386,5.86051325913294,5.76091529941827,5.22335440461173,..
GDP per capita growth (annual %),NY.GDP.PCAP.KD.ZG,East Asia & Pacific (IDA & IBRD countries),TEA,3.73084411116092,6.4418372301497,7.69234275461545,6.74112833025302,6.42231411221401,6.09890261125898,5.84907045948644,5.70205926031051,5.85752090209495,5.75865478952215,5.22153091680279,..
GDP per capita growth (annual %),NY.GDP.PCAP.KD.ZG,Euro area,EMU,3.10992323284776,3.52726157136543,1.90841568665574,-1.10906749565935,-0.587521548389873,1.04595993065392,1.73582596609758,1.60627296440809,2.37295505682256,1.67929479502192,1.06731509962606,..
GDP per capita growth (annual %),NY.GDP.PCAP.KD.ZG,Europe & Central Asia,ECS,1.82251806391139,4.16672232686656,2.14732084230916,-0.0930945347126055,0.423359119792536,1.32727226174968,1.55555700466982,1.45561497140886,2.40654554444571,1.78570913257666,1.17935780912772,..
GDP per capita growth (annual %),NY.GDP.PCAP.KD.ZG,Europe & Central Asia (excluding high income),ECA,-2.04379730080358,8.38192132867404,5.6559848447628,3.3227697282918,3.34979320837591,1.45873474124821,0.170235919937014,0.89156644122896,3.34278049014193,2.418245481958,1.20288604750966,..
GDP per capita growth (annual %),NY.GDP.PCAP.KD.ZG,Europe & Central Asia (IDA & IBRD countries),TEC,-1.99445135668222,7.52520153613794,5.2620951435439,2.91329355591353,3.02474227505762,1.76236102799261,0.834379995840393,1.38748897724177,3.72059774312541,2.90654505185763,1.81651069936488,..
GDP per capita growth (annual %),NY.GDP.PCAP.KD.ZG,European Union,EUU,3.02488147165411,3.77902730015695,2.01342496326976,-0.897749164316167,-0.297803611636226,1.31941104756237,2.07804974759622,1.82850873597825,2.64089169860256,1.97049484321943,1.38761423675706,..
GDP per capita growth (annual %),NY.GDP.PCAP.KD.ZG,Fragile and conflict affected situations,FCS,6.91703930322146,0.80279936634868,-1.92891750249132,5.34719753798738,1.41095977132576,-1.14253266199495,-0.435090980338899,0.582811867894122,-0.43040123441294,0.011690294274544,-0.0820964319121487,..
GDP per capita growth (annual %),NY.GDP.PCAP.KD.ZG,Heavily indebted poor countries (HIPC),HPC,-3.21174386036922,-0.178515910143545,1.75664704798344,2.89041128196207,2.62867392558816,2.58612244043437,1.85278859179215,1.51679163207,1.82814798798267,1.2641807010634,1.2753584676225,..
GDP per capita growth (annual %),NY.GDP.PCAP.KD.ZG,High income,HIC,2.35663357327907,3.40169809374919,1.40258670029274,0.710171131426179,0.88245516985792,1.45656093797422,1.75566285456689,1.17031916547438,1.93844182210965,1.73884792114242,1.20458244694161,..
GDP per capita growth (annual %),NY.GDP.PCAP.KD.ZG,IBRD only,IBD,0.309901331429316,4.39326445552643,4.95391581005045,4.0195967221843,3.94050981559255,3.30504019261302,2.92830281463714,3.341494134917,4.00392955515136,3.54138231445165,2.82432832726052,..
GDP per capita growth (annual %),NY.GDP.PCAP.KD.ZG,IDA & IBRD total,IBT,0.245128882005673,3.99949796244226,4.53613956187357,3.68895494501409,3.68717926109778,3.08098824317035,2.60453545069352,2.9343493976655,3.60286411340616,3.17552408693309,2.44625484736554,..
GDP per capita growth (annual %),NY.GDP.PCAP.KD.ZG,IDA blend,IDB,3.67340143212731,1.28714516577931,2.29143269149341,2.184073502749,3.28930186461098,3.49266500948144,1.36780145303162,-0.830215514387405,0.405654385970394,1.17385036153685,-0.0297170022598721,..
GDP per capita growth (annual %),NY.GDP.PCAP.KD.ZG,IDA only,IDX,-1.54340167264199,1.33970372853621,1.91956120197032,2.58744042312384,3.74260578898296,3.2760171002312,1.82790242152544,2.63334048824402,3.12016079284292,2.90172248807457,2.67254760979149,..
GDP per capita growth (annual %),NY.GDP.PCAP.KD.ZG,IDA total,IDA,1.25811512269468,1.31251059124982,2.14302052859946,2.41181237227165,3.54291714561157,3.41019481100476,1.61762630077062,0.905602610587096,1.78555493048587,2.06132965026318,1.36309663144884,..
GDP per capita growth (annual %),NY.GDP.PCAP.KD.ZG,Late-demographic dividend,LTE,-1.15481147888171,5.96878751093566,6.06502836964073,4.7790578535263,4.58423425460255,4.02396582611055,3.36088640771935,3.19446697668546,4.2156419292532,4.40014761309766,3.87844278899136,..
GDP per capita growth (annual %),NY.GDP.PCAP.KD.ZG,Latin America & Caribbean,LCN,-1.50260164979379,2.28619583839046,3.21271544610697,1.66205020449995,1.68748454079805,-0.047602251728506,-0.921423999467876,-1.3732449354612,0.819406011092667,0.643850938079865,-0.0788127750081173,..
GDP per capita growth (annual %),NY.GDP.PCAP.KD.ZG,Latin America & Caribbean (excluding high income),LAC,-1.56077449681726,2.24942965463275,3.20917177553429,1.55475616802734,1.64750019624913,-0.101069597737279,-1.08819555505193,-1.52446202300568,0.909650267866553,0.599643736461459,-0.10546473471301,..
GDP per capita growth (annual %),NY.GDP.PCAP.KD.ZG,Latin America & the Caribbean (IDA & IBRD countries),TLA,-1.40163291995843,2.23766957121259,3.31005986363412,1.69363350093796,1.73047026366646,-0.0424410587513506,-0.997598083704489,-1.41445669524244,0.864216740960757,0.691564489792682,-0.107304040270691,..
GDP per capita growth (annual %),NY.GDP.PCAP.KD.ZG,Least developed countries: UN classification,LDC,-2.12600185247001,1.49320378094848,1.46767087523776,2.48653057252695,3.32731849958479,3.14514091068601,1.20251275991269,1.59225625897761,2.16276534333217,2.05177591450203,2.06221513315315,..
GDP per capita growth (annual %),NY.GDP.PCAP.KD.ZG,Low & middle income,LMY,0.13189733871468,4.05696855954724,4.59068054108261,3.79613864897112,3.78849086657085,3.12965080976464,2.62003928685783,2.97515993148876,3.61566534493039,3.15628408690722,2.44896349498146,..
GDP per capita growth (annual %),NY.GDP.PCAP.KD.ZG,Low income,LIC,-4.13263533718897,-0.0154742631840179,-0.387589426785865,0.103426448656904,3.01695094755962,2.45202562491809,-0.502282797382605,1.23371767709462,1.0934806617811,1.05807936681552,1.29174096338897,..
GDP per capita growth (annual %),NY.GDP.PCAP.KD.ZG,Lower middle income,LMC,0.840471169373913,2.28727098738443,3.21266884162459,3.49516010440031,3.9314137367799,4.21630759065097,4.06535728834774,4.06198498618306,3.94671204008353,3.66558972754171,2.50081132313771,..
GDP per capita growth (annual %),NY.GDP.PCAP.KD.ZG,Middle East & North Africa,MEA,9.22069727313153,3.78915375754345,1.63689768252537,1.81555708740279,0.785947133270383,0.987562719186826,0.533546931067335,3.13685949380967,-0.207982311789635,-0.768092440805262,-1.24462986468548,..
GDP per capita growth (annual %),NY.GDP.PCAP.KD.ZG,Middle East & North Africa (excluding high income),MNA,8.99237292408941,2.60098366025387,-2.70407617416957,0.955308633888933,-0.103903127078979,0.306866712976401,-1.00994670379832,6.00100285413217,1.1931096334784,-2.03020588772603,-2.04450533807075,..
GDP per capita growth (annual %),NY.GDP.PCAP.KD.ZG,Middle East & North Africa (IDA & IBRD countries),TMN,9.95373009031707,2.71541225722507,-2.77218533626073,0.936610947030829,-0.121621646639525,0.33280752296676,-1.02848744328047,5.9988607749566,1.20974367240905,-2.03377653305783,-2.04626147611053,..
GDP per capita growth (annual %),NY.GDP.PCAP.KD.ZG,Middle income,MIC,0.248573910102095,4.21161617524987,4.78672543175995,3.96721825787057,3.91482976886479,3.25606903435509,2.78699933997839,3.12560418616073,3.78245961331969,3.32394655747828,2.6106091464096,..
GDP per capita growth (annual %),NY.GDP.PCAP.KD.ZG,North America,NAC,0.528199396601664,3.06343769432445,0.948491431776091,1.42203331647141,1.15450870957388,1.78611807465072,1.93611446287758,0.808370024292103,1.74542411023984,2.21113455438299,1.53060054420556,..
GDP per capita growth (annual %),NY.GDP.PCAP.KD.ZG,Not classified,INX,..,..,..,..,..,..,..,..,..,..,..,..
GDP per capita growth (annual %),NY.GDP.PCAP.KD.ZG,OECD members,OED,2.18906892418002,3.25531116184506,1.33969627717541,0.658219939141702,0.864319305170142,1.39348694310372,1.75040763663449,1.07821535077379,1.94310477437918,1.61934274564813,1.07864870503262,..
GDP per capita growth (annual %),NY.GDP.PCAP.KD.ZG,Other small states,OSS,..,..,5.12026866192332,1.40472408968489,1.48483206051498,1.65082176500857,1.05857012183674,0.689047620725432,-0.972158480713844,-0.00581856464849295,-0.0823993301398787,..
GDP per capita growth (annual %),NY.GDP.PCAP.KD.ZG,Pacific island small states,PSS,2.48550521498522,-2.26366551528453,2.34760872124117,-0.380509904650566,2.12049707578592,2.23353811386495,2.27577260058077,2.23112807438078,2.69521966568411,1.38873423476591,-0.827459807520555,..
GDP per capita growth (annual %),NY.GDP.PCAP.KD.ZG,Post-demographic dividend,PST,2.18619440035393,3.40892621435806,1.32449527511622,0.705399630657809,0.909190087125339,1.42868583405595,1.64879692065172,1.20210180092695,2.05618125791007,1.76360934218935,1.26058714212655,..
GDP per capita growth (annual %),NY.GDP.PCAP.KD.ZG,Pre-demographic dividend,PRE,6.75638972048797,0.148333402466875,1.61222419092597,2.75715687626075,2.90246693932568,1.9163513401695,0.0866888297288853,0.135302348729866,-1.39608852845591,-0.778717440870821,0.197201366455729,..
GDP per capita growth (annual %),NY.GDP.PCAP.KD.ZG,Small states,SST,..,2.85343298457272,4.4159228795731,1.35091305766377,1.37694345798739,1.4755098048617,1.06189971487809,0.427942334102042,-0.701258339497087,0.247486278397275,0.0479191468895124,..
GDP per capita growth (annual %),NY.GDP.PCAP.KD.ZG,South Asia,SAS,3.12301364952931,2.12661490886165,3.69855501587996,4.11015957367276,4.71775070281251,5.63826273851851,6.14245312947665,6.45482620829353,5.53787110452122,4.83563510698563,2.92958856347774,..
GDP per capita growth (annual %),NY.GDP.PCAP.KD.ZG,South Asia (IDA & IBRD),TSA,3.12301364952936,2.12661490886168,3.69855501587999,4.11015957367277,4.71775070281248,5.63826273851851,6.14245312947665,6.45482620829353,5.5378711045212,4.83563510698563,2.92958856347776,..
GDP per capita growth (annual %),NY.GDP.PCAP.KD.ZG,Sub-Saharan Africa,SSF,-0.420065863235919,0.790827473798245,1.67308243865641,1.32532195396635,2.13936533308595,1.85674076439651,0.0449909742753789,-1.51671393420622,-0.312483735547275,-0.286633878487734,-0.36003929106046,..
GDP per capita growth (annual %),NY.GDP.PCAP.KD.ZG,Sub-Saharan Africa (excluding high income),SSA,-0.455728476838217,0.752199637555378,1.66936314030055,1.32823582083689,2.14637509532794,1.85968348357386,0.0348004816922014,-1.54122661967239,-0.327526275862454,-0.300898366505592,-0.370882858144427,..
GDP per capita growth (annual %),NY.GDP.PCAP.KD.ZG,Sub-Saharan Africa (IDA & IBRD countries),TSS,-0.420065863235862,0.790827473798331,1.67308243865649,1.32532195396631,2.13936533308585,1.85674076439662,0.0449909742753789,-1.51671393420629,-0.312483735547232,-0.286633878487663,-0.360039291060474,..
GDP per capita growth (annual %),NY.GDP.PCAP.KD.ZG,Upper middle income,UMC,0.357660770327129,4.99474076634677,5.46791393706458,4.35674709704791,4.18030952781952,3.28701346285331,2.72924850748319,3.14547143451406,3.99886014797153,3.51641371427023,2.93818825580186,..
GDP per capita growth (annual %),NY.GDP.PCAP.KD.ZG,World,WLD,1.15383146269572,3.02498090341858,1.94497747525766,1.31906085342102,1.46491124261171,1.66167803949881,1.68613326981148,1.42662629393564,2.13223671946892,1.85272088180508,1.27622691315817,..
,,,,,,,,,,,,,,,
,,,,,,,,,,,,,,,
,,,,,,,,,,,,,,,
Data from database: World Development Indicators,,,,,,,,,,,,,,,
Last Updated: 12/16/2020,,,,,,,,,,,,,,,
